DROP TABLE REGIONS;
ALTER TABLE REGIONS DROP PRIMARY KEY CASCADE;

DROP TABLE COUNTRIES;
ALTER TABLE COUNTRIES DROP PRIMARY KEY CASCADE;


DROP TABLE LOCATIONS;
ALTER TABLE LOCATIONS DROP PRIMARY KEY CASCADE;


DROP TABLE JOBS_HISTORY;
ALTER TABLE JOBS_HISTORY DROP PRIMARY KEY CASCADE;

DROP TABLE JOBS;
ALTER TABLE JOBS DROP PRIMARY KEY CASCADE;

ALTER TABLE DEPT DROP PRIMARY KEY CASCADE;
DROP TABLE DEPT;
--DROP TABLE DEPT CASCADE CONSTRAINTS;


DROP TABLE EMP;
ALTER TABLE EMP DROP PRIMARY KEY CASCADE;
--DROP TABLE EMP CASCADE CONSTRAINTS;


DROP TABLE LOCATIONS;
ALTER TABLE LOCATIONS DROP PRIMARY KEY CASCADE;

ALTER TABLE JOB_HISTORY DROP PRIMARY KEY CASCADE;
DROP TABLE JOB_HISTORY CASCADE CONSTRAINTS;


CREATE TABLE REGIONS
(
  REG_ID    NUMBER(2) CONSTRAINT NN_REG_ID NOT NULL,
  REG_NAME  VARCHAR2(25 BYTE),
  CONSTRAINT PK_REG_ID PRIMARY KEY(REG_ID)
);

CREATE TABLE COUNTRIES
(
  COUNTRY_ID    CHAR(2 BYTE) CONSTRAINT COUNTRY_ID_NN NOT NULL,
  COUNTRY_NAME  VARCHAR2(40 BYTE),
  REG_ID     NUMBER(2),
  CONSTRAINT PK_COUNTRY_ID PRIMARY KEY(COUNTRY_ID),
  CONSTRAINT FK_REG_ID FOREIGN KEY(REG_ID) REFERENCES REGIONS(REG_ID)
);

CREATE TABLE LOCATIONS
(
  LOCATION_ID     NUMBER(4),
  STREET_ADDRESS  VARCHAR2(40 BYTE),
  POSTAL_CODE     VARCHAR2(12 BYTE),
  CITY            VARCHAR2(30 BYTE) CONSTRAINT NN_LOC_CITY NOT NULL,
  STATE_PROVINCE  VARCHAR2(25 BYTE),
  COUNTRY_ID      CHAR(2 BYTE),
  CONSTRAINT PK_LOCATION_ID PRIMARY KEY(LOCATION_ID),
  CONSTRAINT FK_COUNTRY_ID FOREIGN KEY(COUNTRY_ID) REFERENCES COUNTRIES(COUNTRY_ID)
);

CREATE TABLE JOBS
(
  JOB_ID      VARCHAR2(10 BYTE),
  JOB_TITLE   VARCHAR2(35 BYTE) CONSTRAINT NN_JOB_TITLE NOT NULL,
  MIN_SALARY  NUMBER(6),
  MAX_SALARY  NUMBER(6),
  CONSTRAINT PK_JOB_ID PRIMARY KEY(JOB_ID)
);

CREATE TABLE DEPT
(
  DEPT_ID    NUMBER(4),
  DEPT_NAME  VARCHAR2(30 BYTE) CONSTRAINT NN_DEPT_NAME NOT NULL,
  MANAGER_ID       NUMBER(6),
  LOCATION_ID      NUMBER(4)
);

ALTER TABLE DEPT ADD(CONSTRAINT PK_DEPT_ID PRIMARY KEY(DEPT_ID));

ALTER TABLE DEPT ADD(
  CONSTRAINT FK_DEPT_LOC_ID FOREIGN KEY(LOCATION_ID) REFERENCES LOCATIONS(LOCATION_ID),
  CONSTRAINT FK_DEPT_MGR_ID FOREIGN KEY(MANAGER_ID) REFERENCES EMP(EMP_ID));


CREATE TABLE EMP(
  EMP_ID     NUMBER(6),
  F_NAME      VARCHAR2(20 BYTE),
  L_NAME       VARCHAR2(25 BYTE) CONSTRAINT NN_EMP_LAST_NAME NOT NULL,
  EMAIL           VARCHAR2(25 BYTE) CONSTRAINT NN_EMP_EMAIL NOT NULL,
  PHONE_NUMBER    VARCHAR2(20 BYTE),
  HIRE_DATE       DATE CONSTRAINT NN_EMP_HIRE_DATE NOT NULL,
  JOB_ID          VARCHAR2(10 BYTE) CONSTRAINT NN_EMP_JOB NOT NULL,
  SALARY          NUMBER(8,2),
  COMMISSION_PCT  NUMBER(2,2),
  MANAGER_ID      NUMBER(6),
  DEPT_ID   NUMBER(4)
);

ALTER TABLE EMP ADD(CONSTRAINT PK_EMP_ID PRIMARY KEY(EMP_ID),
  CONSTRAINT CHK_SALARY CHECK (SALARY>0),
  CONSTRAINT UNI_EMAIL UNIQUE (EMAIL)
);

ALTER TABLE EMP ADD(
  CONSTRAINT FK_EMP_MANAGER FOREIGN KEY(MANAGER_ID) REFERENCES EMP(EMP_ID),
  CONSTRAINT FK_JOB_ID FOREIGN KEY (JOB_ID) REFERENCES JOBS(JOB_ID),
  CONSTRAINT FK_DEPT_ID FOREIGN KEY(DEPT_ID) REFERENCES DEPT(DEPT_ID));
  

CREATE TABLE JOB_HISTORY
(
  EMPLOYEE_ID    NUMBER(6) CONSTRAINT NN_JHIST_EMPLOYEE NOT NULL,
  START_DATE     DATE,
  END_DATE       DATE,
  JOB_ID         VARCHAR2(10 BYTE) CONSTRAINT NN_JHIST_JOB NOT NULL,
  DEPARTMENT_ID  NUMBER(4)
);


SET DEFINE OFF;
INSERT INTO  REGIONS VALUES(1, 'Europe');
INSERT INTO  REGIONS VALUES(2, 'Americas');
INSERT INTO  REGIONS VALUES(3, 'Asia');
INSERT INTO  REGIONS VALUES(4, 'Middle East and Africa');
COMMIT;

SET DEFINE OFF;
INSERT INTO COUNTRIES VALUES('AR', 'Argentina', 2);
INSERT INTO COUNTRIES VALUES('AU', 'Australia', 3);
INSERT INTO COUNTRIES VALUES('BE', 'Belgium', 1);
INSERT INTO COUNTRIES VALUES('BR', 'Brazil', 2);
INSERT INTO COUNTRIES VALUES('CA', 'Canada', 2);
INSERT INTO COUNTRIES VALUES('CH', 'Switzerland', 1);
INSERT INTO COUNTRIES VALUES('CN', 'China', 3);
INSERT INTO COUNTRIES VALUES('DE', 'Germany', 1);
INSERT INTO COUNTRIES VALUES('DK', 'Denmark', 1);
INSERT INTO COUNTRIES VALUES('IN', 'INDIA', 3);
COMMIT;

SET DEFINE OFF;
INSERT INTO LOCATIONS VALUES(1800, '147 Spadina Ave', 'M5V 2L7', 'Toronto', 'Ontario', 'CA');
INSERT INTO LOCATIONS VALUES(1700, '6092 Boxwood St', 'YSW 9T2', 'Whitehorse', 'Yukon', 'CA');
INSERT INTO LOCATIONS VALUES   (1400, '40-5-12 Laogianggen', '190518', 'Beijing', 'CN');
INSERT INTO LOCATIONS VALUES   (1500, '1298 Vileparle (E)', '490231', 'Bombay', 'Maharashtra', 'IN');
INSERT INTO LOCATIONS VALUES   (2200, '12-98 Victoria Street', '2901', 'Sydney', 'New South Wales', 'AU');
INSERT INTO LOCATIONS VALUES   (2700, 'Schwanthalerstr. 7031', '80925', 'Munich', 'Bavaria', 'DE');
INSERT INTO LOCATIONS VALUES   (2800, 'Rua Frei Caneca 1360 ', '01307-002', 'Sao Paulo', 'Sao Paulo', 'BR');
INSERT INTO LOCATIONS VALUES   (2900, '20 Rue des Corps-Saints', '1730', 'Geneva', 'Geneve', 'CH');
INSERT INTO LOCATIONS VALUES   (3000, 'Murtenstrasse 921', '3095', 'Bern', 'BE', 'CH');
COMMIT;

SET DEFINE OFF;
INSERT INTO  JOBS VALUES('AD_PRES', 'President', 20000, 40000);
INSERT INTO  JOBS VALUES('FI_MGR', 'Finance Manager', 8200, 16000);
INSERT INTO  JOBS VALUES('FI_ACCOUNT', 'Accountant', 4200, 9000);
INSERT INTO  JOBS VALUES   ('PU_MAN', 'Purchasing Manager', 8000, 15000);
INSERT INTO  JOBS VALUES   ('ST_CLERK', 'Stock Clerk', 2000, 5000);
INSERT INTO  JOBS VALUES   ('IT_PROG', 'Programmer', 4000, 10000);
INSERT INTO  JOBS VALUES   ('MK_REP', 'Marketing Representative', 4000, 9000);
INSERT INTO  JOBS VALUES   ('PR_REP', 'Public Relations Representative', 4500, 10500);
INSERT INTO  JOBS VALUES    ('AD_VP','Administration Vice President',15000,30000);
INSERT INTO  JOBS VALUES    ('ST_MAN','Stock Manager',5500,8500);
INSERT INTO  JOBS VALUES    ('MK_MAN','Marketing Manager',9000,15000);
INSERT INTO  JOBS VALUES    ('AC_MGR','Accounting Manager',8200,16000);
INSERT INTO  JOBS VALUES    ('AD_ASST','Administration Assistant',3000,6000);
COMMIT;

SET DEFINE OFF;
INSERT INTO DEPT VALUES('10', 'Administration', null, '1700');
INSERT INTO DEPT VALUES ('20', 'Marketing', null, '1800');
INSERT INTO DEPT VALUES ('30', 'Purchasing', null, '1700');
INSERT INTO DEPT VALUES ('50', 'Shipping', null, '1500');
INSERT INTO DEPT VALUES ('60', 'IT', null, '1400');
INSERT INTO DEPT VALUES ('70', 'Public Relations', null, '2700');
INSERT INTO DEPT VALUES ('90', 'Executive', null, '1700');
INSERT INTO DEPT VALUES ('100', 'Finance', null, '1700');
INSERT INTO DEPT VALUES ('110', 'Accounting', null, '1700');
COMMIT;

SET DEFINE OFF;
INSERT INTO EMP(EMP_ID, F_NAME, L_NAME, EMAIL, PHONE_NUMBER, HIRE_DATE, JOB_ID, SALARY, DEPT_ID)
VALUES(100, 'Steven', 'King', 'SKING', '515.123.4567', TO_DATE('06/17/1987 00:00:00', 'MM/DD/YYYY HH24:MI:SS'), 'AD_PRES', 24000, 90);
INSERT INTO EMP(EMP_ID, F_NAME, L_NAME, EMAIL, PHONE_NUMBER, HIRE_DATE, JOB_ID, SALARY, MANAGER_ID, DEPT_ID)VALUES
(103, 'Alexander', 'Hunold', 'AHUNOLD', '590.423.4567', TO_DATE('01/03/1990 00:00:00', 'MM/DD/YYYY HH24:MI:SS'), 'IT_PROG', 9000, null, 60);
INSERT INTO EMP(EMP_ID, F_NAME, L_NAME, EMAIL, PHONE_NUMBER, HIRE_DATE, JOB_ID, SALARY, MANAGER_ID, DEPT_ID)VALUES
(104, 'Bruce', 'Ernst', 'BERNST', '590.423.4568', TO_DATE('05/21/1991 00:00:00', 'MM/DD/YYYY HH24:MI:SS'), 'IT_PROG', 6000, null, 60);
INSERT INTO EMP(EMP_ID, F_NAME, L_NAME, EMAIL, PHONE_NUMBER, HIRE_DATE, JOB_ID, SALARY, MANAGER_ID, DEPT_ID)VALUES
(105, 'David', 'Austin', 'DAUSTIN', '590.423.4569', TO_DATE('06/25/1997 00:00:00', 'MM/DD/YYYY HH24:MI:SS'), 'IT_PROG', 4800, null, 60);
INSERT INTO EMP(EMP_ID, F_NAME, L_NAME, EMAIL, PHONE_NUMBER, HIRE_DATE, JOB_ID, SALARY, MANAGER_ID, DEPT_ID)VALUES
(106, 'Valli', 'Pataballa', 'VPATABAL', '590.423.4560', TO_DATE('02/05/1998 00:00:00', 'MM/DD/YYYY HH24:MI:SS'), 'IT_PROG', 4800, null, 60);
INSERT INTO EMP(EMP_ID, F_NAME, L_NAME, EMAIL, PHONE_NUMBER, HIRE_DATE, JOB_ID, SALARY, MANAGER_ID, DEPT_ID)VALUES   
(107, 'Diana', 'Lorentz', 'DLORENTZ', '590.423.5567',  TO_DATE('02/07/1999 00:00:00', 'MM/DD/YYYY HH24:MI:SS'), 'IT_PROG', 4200, null, 60);
INSERT INTO EMP(EMP_ID, F_NAME, L_NAME, EMAIL, PHONE_NUMBER, HIRE_DATE, JOB_ID, SALARY, MANAGER_ID, DEPT_ID)VALUES
(108, 'Nancy', 'Greenberg', 'NGREENBE', '515.124.4569', TO_DATE('08/17/1994 00:00:00', 'MM/DD/YYYY HH24:MI:SS'), 'FI_MGR', 12000, null, 100);
INSERT INTO EMP(EMP_ID, F_NAME, L_NAME, EMAIL, PHONE_NUMBER, HIRE_DATE, JOB_ID, SALARY, MANAGER_ID, DEPT_ID)VALUES
(109, 'Daniel', 'Faviet', 'DFAVIET', '515.124.4169', TO_DATE('08/16/1994 00:00:00', 'MM/DD/YYYY HH24:MI:SS'), 'FI_ACCOUNT', 9000, null, 100);
INSERT INTO EMP(EMP_ID, F_NAME, L_NAME, EMAIL, PHONE_NUMBER, HIRE_DATE, JOB_ID, SALARY, MANAGER_ID, DEPT_ID)VALUES
(110, 'John', 'Chen', 'JCHEN', '515.124.4269', TO_DATE('09/28/1997 00:00:00', 'MM/DD/YYYY HH24:MI:SS'), 'FI_ACCOUNT', 8200, null, 100);
INSERT INTO EMP(EMP_ID, F_NAME, L_NAME, EMAIL, PHONE_NUMBER, HIRE_DATE, JOB_ID, SALARY, MANAGER_ID, DEPT_ID)VALUES
(111, 'Ismael', 'Sciarra', 'ISCIARRA', '515.124.4369', TO_DATE('09/30/1997 00:00:00', 'MM/DD/YYYY HH24:MI:SS'), 'FI_ACCOUNT', 7700, null, 100);
INSERT INTO EMP(EMP_ID, F_NAME, L_NAME, EMAIL, PHONE_NUMBER, HIRE_DATE, JOB_ID, SALARY, MANAGER_ID, DEPT_ID)VALUES
(112, 'Jose Manuel', 'Urman', 'JMURMAN', '515.124.4469', TO_DATE('03/07/1998 00:00:00', 'MM/DD/YYYY HH24:MI:SS'), 'FI_ACCOUNT', 7800, null, 100);
INSERT INTO EMP(EMP_ID, F_NAME, L_NAME, EMAIL, PHONE_NUMBER, HIRE_DATE, JOB_ID, SALARY, MANAGER_ID, DEPT_ID)VALUES   
(113, 'Luis', 'Popp', 'LPOPP', '515.124.4567',  TO_DATE('12/07/1999 00:00:00', 'MM/DD/YYYY HH24:MI:SS'), 'FI_ACCOUNT', 6900, null, 100);
INSERT INTO EMP(EMP_ID, F_NAME, L_NAME, EMAIL, PHONE_NUMBER, HIRE_DATE, JOB_ID, SALARY, MANAGER_ID, DEPT_ID)VALUES
(114, 'Den', 'Raphaely', 'DRAPHEAL', '515.127.4561', TO_DATE('12/07/1994 00:00:00', 'MM/DD/YYYY HH24:MI:SS'), 'PU_MAN', 11000, null, 30);
INSERT INTO EMP(EMP_ID, F_NAME, L_NAME, EMAIL, PHONE_NUMBER, HIRE_DATE, JOB_ID, SALARY, MANAGER_ID, DEPT_ID)VALUES  
(125, 'Julia', 'Nayer', 'JNAYER', '650.124.1214', TO_DATE('07/16/1997 00:00:00', 'MM/DD/YYYY HH24:MI:SS'), 'ST_CLERK', 3200, null, 50);
INSERT INTO EMP(EMP_ID, F_NAME, L_NAME, EMAIL, PHONE_NUMBER, HIRE_DATE, JOB_ID, SALARY, MANAGER_ID, DEPT_ID)VALUES
(126, 'Irene', 'Mikkilineni', 'IMIKKILI', '650.124.1224', TO_DATE('09/28/1998 00:00:00', 'MM/DD/YYYY HH24:MI:SS'), 'ST_CLERK', 2700, null, 50);
INSERT INTO EMP(EMP_ID, F_NAME, L_NAME, EMAIL, PHONE_NUMBER, HIRE_DATE, JOB_ID, SALARY, MANAGER_ID, DEPT_ID)VALUES  
(127, 'James', 'Landry', 'JLANDRY', '650.124.1334', TO_DATE('01/14/1999 00:00:00', 'MM/DD/YYYY HH24:MI:SS'), 'ST_CLERK', 2400, null, 50);
INSERT INTO EMP(EMP_ID, F_NAME, L_NAME, EMAIL, PHONE_NUMBER, HIRE_DATE, JOB_ID, SALARY, MANAGER_ID, DEPT_ID)VALUES
(128, 'Steven', 'Markle', 'SMARKLE', '650.124.1434', TO_DATE('03/08/2000 00:00:00', 'MM/DD/YYYY HH24:MI:SS'), 'ST_CLERK', 2200, null, 50);
INSERT INTO EMP(EMP_ID, F_NAME, L_NAME, EMAIL, PHONE_NUMBER, HIRE_DATE, JOB_ID, SALARY, MANAGER_ID, DEPT_ID)VALUES
(129, 'Laura', 'Bissot', 'LBISSOT', '650.124.5234', TO_DATE('08/20/1997 00:00:00', 'MM/DD/YYYY HH24:MI:SS'), 'ST_CLERK', 3300, null, 50);
INSERT INTO EMP(EMP_ID, F_NAME, L_NAME, EMAIL, PHONE_NUMBER, HIRE_DATE, JOB_ID, SALARY, MANAGER_ID, DEPT_ID)VALUES   
(130, 'Mozhe', 'Atkinson', 'MATKINSO', '650.124.6234', TO_DATE('10/30/1997 00:00:00', 'MM/DD/YYYY HH24:MI:SS'), 'ST_CLERK', 2800, null, 50);
INSERT INTO EMP(EMP_ID, F_NAME, L_NAME, EMAIL, PHONE_NUMBER, HIRE_DATE, JOB_ID, SALARY, MANAGER_ID, DEPT_ID)VALUES   
(131, 'James', 'Marlow', 'JAMRLOW', '650.124.7234', TO_DATE('02/16/1997 00:00:00', 'MM/DD/YYYY HH24:MI:SS'), 'ST_CLERK', 2500, null, 50);
INSERT INTO EMP(EMP_ID, F_NAME, L_NAME, EMAIL, PHONE_NUMBER, HIRE_DATE, JOB_ID, SALARY, MANAGER_ID, DEPT_ID)VALUES
(132, 'TJ', 'Olson', 'TJOLSON', '650.124.8234', TO_DATE('04/10/1999 00:00:00', 'MM/DD/YYYY HH24:MI:SS'), 'ST_CLERK', 2100, null, 50);
INSERT INTO EMP(EMP_ID, F_NAME, L_NAME, EMAIL, PHONE_NUMBER, HIRE_DATE, JOB_ID, SALARY, MANAGER_ID, DEPT_ID)VALUES
(133, 'Jason', 'Mallin', 'JMALLIN', '650.127.1934', TO_DATE('06/14/1996 00:00:00', 'MM/DD/YYYY HH24:MI:SS'), 'ST_CLERK', 3300, null, 50);
INSERT INTO EMP(EMP_ID, F_NAME, L_NAME, EMAIL, PHONE_NUMBER, HIRE_DATE, JOB_ID, SALARY, MANAGER_ID, DEPT_ID)VALUES   
(134, 'Michael', 'Rogers', 'MROGERS', '650.127.1834', TO_DATE('08/26/1998 00:00:00', 'MM/DD/YYYY HH24:MI:SS'), 'ST_CLERK', 2900, null, 50);
INSERT INTO EMP(EMP_ID, F_NAME, L_NAME, EMAIL, PHONE_NUMBER, HIRE_DATE, JOB_ID, SALARY, MANAGER_ID, DEPT_ID)VALUES   
(135, 'Ki', 'Gee', 'KGEE', '650.127.1734', TO_DATE('12/12/1999 00:00:00', 'MM/DD/YYYY HH24:MI:SS'), 'ST_CLERK', 2400, null, 50);
INSERT INTO EMP(EMP_ID, F_NAME, L_NAME, EMAIL, PHONE_NUMBER, HIRE_DATE, JOB_ID, SALARY, MANAGER_ID, DEPT_ID)VALUES   
(136, 'Hazel', 'Philtanker', 'HPHILTAN', '650.127.1634', TO_DATE('02/06/2000 00:00:00', 'MM/DD/YYYY HH24:MI:SS'), 'ST_CLERK', 2200, null, 50);
INSERT INTO EMP(EMP_ID, F_NAME, L_NAME, EMAIL, PHONE_NUMBER, HIRE_DATE, JOB_ID, SALARY, MANAGER_ID, DEPT_ID)VALUES
(137, 'Renske', 'Ladwig', 'RLADWIG', '650.121.1234', TO_DATE('07/14/1995 00:00:00', 'MM/DD/YYYY HH24:MI:SS'), 'ST_CLERK', 3600, null, 50);
INSERT INTO EMP(EMP_ID, F_NAME, L_NAME, EMAIL, PHONE_NUMBER, HIRE_DATE, JOB_ID, SALARY, MANAGER_ID, DEPT_ID)VALUES   
(138, 'Stephen', 'Stiles', 'SSTILES', '650.121.2034', TO_DATE('10/26/1997 00:00:00', 'MM/DD/YYYY HH24:MI:SS'), 'ST_CLERK', 3200, null, 50);
INSERT INTO EMP(EMP_ID, F_NAME, L_NAME, EMAIL, PHONE_NUMBER, HIRE_DATE, JOB_ID, SALARY, MANAGER_ID, DEPT_ID)VALUES
(139, 'John', 'Seo', 'JSEO', '650.121.2019', TO_DATE('02/12/1998 00:00:00', 'MM/DD/YYYY HH24:MI:SS'), 'ST_CLERK', 2700, null, 50);
INSERT INTO EMP(EMP_ID, F_NAME, L_NAME, EMAIL, PHONE_NUMBER, HIRE_DATE, JOB_ID, SALARY, MANAGER_ID, DEPT_ID)VALUES   
(140, 'Joshua', 'Patel', 'JPATEL', '650.121.1834', TO_DATE('04/06/1998 00:00:00', 'MM/DD/YYYY HH24:MI:SS'), 'ST_CLERK', 2500, null, 50);
INSERT INTO EMP(EMP_ID, F_NAME, L_NAME, EMAIL, PHONE_NUMBER, HIRE_DATE, JOB_ID, SALARY, MANAGER_ID, DEPT_ID)VALUES
(141, 'Trenna', 'Rajs', 'TRAJS', '650.121.8009', TO_DATE('10/17/1995 00:00:00', 'MM/DD/YYYY HH24:MI:SS'), 'ST_CLERK', 3500, null, 50);
INSERT INTO EMP(EMP_ID, F_NAME, L_NAME, EMAIL, PHONE_NUMBER, HIRE_DATE, JOB_ID, SALARY, MANAGER_ID, DEPT_ID)VALUES 
(142, 'Curtis', 'Davies', 'CDAVIES', '650.121.2994',  TO_DATE('01/29/1997 00:00:00', 'MM/DD/YYYY HH24:MI:SS'), 'ST_CLERK', 3100, null, 50);
INSERT INTO EMP(EMP_ID, F_NAME, L_NAME, EMAIL, PHONE_NUMBER, HIRE_DATE, JOB_ID, SALARY, MANAGER_ID, DEPT_ID)VALUES
(143, 'Randall', 'Matos', 'RMATOS', '650.121.2874',  TO_DATE('03/15/1998 00:00:00', 'MM/DD/YYYY HH24:MI:SS'), 'ST_CLERK', 2600, null, 50);
INSERT INTO EMP(EMP_ID, F_NAME, L_NAME, EMAIL, PHONE_NUMBER, HIRE_DATE, JOB_ID, SALARY, MANAGER_ID, DEPT_ID)VALUES   
(144, 'Peter', 'Vargas', 'PVARGAS', '650.121.2004', TO_DATE('07/09/1998 00:00:00', 'MM/DD/YYYY HH24:MI:SS'), 'ST_CLERK', 2500, null, 50);
INSERT INTO EMP(EMP_ID, F_NAME, L_NAME, EMAIL, PHONE_NUMBER, HIRE_DATE, JOB_ID, SALARY, MANAGER_ID, DEPT_ID)VALUES
(202, 'Pat', 'Fay', 'PFAY', '603.123.6666', TO_DATE('08/17/1997 00:00:00', 'MM/DD/YYYY HH24:MI:SS'), 'MK_REP', 6000, null, 20);
INSERT INTO EMP(EMP_ID, F_NAME, L_NAME, EMAIL, PHONE_NUMBER, HIRE_DATE, JOB_ID, SALARY, MANAGER_ID, DEPT_ID)VALUES
(204, 'Hermann', 'Baer', 'HBAER', '515.123.8888', TO_DATE('06/07/1994 00:00:00', 'MM/DD/YYYY HH24:MI:SS'), 'PR_REP', 10000, null, 70);
INSERT INTO EMP(EMP_ID, F_NAME, L_NAME, EMAIL, PHONE_NUMBER, HIRE_DATE, JOB_ID, SALARY, MANAGER_ID, DEPT_ID)VALUES
(101, 'Neena', 'Kochhar', 'NKOCHHAR', '515.123.4568', TO_DATE('09/21/1989 00:00:00', 'MM/DD/YYYY HH24:MI:SS'), 'AD_VP', 17000, null, 90);
INSERT INTO EMP(EMP_ID, F_NAME, L_NAME, EMAIL, PHONE_NUMBER, HIRE_DATE, JOB_ID, SALARY, MANAGER_ID, DEPT_ID)VALUES
(102, 'Lex', 'De Haan', 'LDEHAAN', '515.123.4569', TO_DATE('01/13/1993 00:00:00', 'MM/DD/YYYY HH24:MI:SS'), 'AD_VP', 17000, null, 90);
INSERT INTO EMP(EMP_ID, F_NAME, L_NAME, EMAIL, PHONE_NUMBER, HIRE_DATE, JOB_ID, SALARY, MANAGER_ID, DEPT_ID)VALUES   
(120, 'Matthew', 'Weiss', 'MWEISS', '650.123.1234',  TO_DATE('07/18/1996 00:00:00', 'MM/DD/YYYY HH24:MI:SS'), 'ST_MAN', 8000, null, 50);
INSERT INTO EMP(EMP_ID, F_NAME, L_NAME, EMAIL, PHONE_NUMBER, HIRE_DATE, JOB_ID, SALARY, MANAGER_ID, DEPT_ID)VALUES
(121, 'Adam', 'Fripp', 'AFRIPP', '650.123.2234', TO_DATE('04/10/1997 00:00:00', 'MM/DD/YYYY HH24:MI:SS'), 'ST_MAN', 8200, null, 50);
INSERT INTO EMP(EMP_ID, F_NAME, L_NAME, EMAIL, PHONE_NUMBER, HIRE_DATE, JOB_ID, SALARY, MANAGER_ID, DEPT_ID)VALUES
(122, 'Payam', 'Kaufling', 'PKAUFLIN', '650.123.3234', TO_DATE('05/01/1995 00:00:00', 'MM/DD/YYYY HH24:MI:SS'), 'ST_MAN', 7900, null, 50);
INSERT INTO EMP(EMP_ID, F_NAME, L_NAME, EMAIL, PHONE_NUMBER, HIRE_DATE, JOB_ID, SALARY, MANAGER_ID, DEPT_ID)VALUES   
(123, 'Shanta', 'Vollman', 'SVOLLMAN', '650.123.4234',  TO_DATE('10/10/1997 00:00:00', 'MM/DD/YYYY HH24:MI:SS'), 'ST_MAN', 6500, null, 50);
INSERT INTO EMP(EMP_ID, F_NAME, L_NAME, EMAIL, PHONE_NUMBER, HIRE_DATE, JOB_ID, SALARY, MANAGER_ID, DEPT_ID)VALUES
(124, 'Kevin', 'Mourgos', 'KMOURGOS', '650.123.5234', TO_DATE('11/16/1999 00:00:00', 'MM/DD/YYYY HH24:MI:SS'), 'ST_MAN', 5800, null, 50);
INSERT INTO EMP(EMP_ID, F_NAME, L_NAME, EMAIL, PHONE_NUMBER, HIRE_DATE, JOB_ID, SALARY, MANAGER_ID, DEPT_ID)VALUES
(201, 'Michael', 'Hartstein', 'MHARTSTE', '515.123.5555', TO_DATE('02/17/1996 00:00:00', 'MM/DD/YYYY HH24:MI:SS'), 'MK_MAN', 13000, null, 20);
INSERT INTO EMP(EMP_ID, F_NAME, L_NAME, EMAIL, PHONE_NUMBER, HIRE_DATE, JOB_ID, SALARY, MANAGER_ID, DEPT_ID)VALUES
(205, 'Shelley', 'Higgins', 'SHIGGINS', '515.123.8080', TO_DATE('06/07/1994 00:00:00', 'MM/DD/YYYY HH24:MI:SS'), 'AC_MGR', 12000, null, 110);
INSERT INTO EMP(EMP_ID, F_NAME, L_NAME, EMAIL, PHONE_NUMBER, HIRE_DATE, JOB_ID, SALARY, MANAGER_ID, DEPT_ID)VALUES   
(200, 'Jennifer', 'Whalen', 'JWHALEN', '515.123.4444', TO_DATE('09/17/1987 00:00:00', 'MM/DD/YYYY HH24:MI:SS'), 'AD_ASST', 4400, null, 10);
COMMIT;


