DROP TABLE EMPLOYEES CASCADE CONSTRAINTS;

CREATE TABLE EMPLOYEES
(
  EMPLOYEE_ID     NUMBER(6),
  FIRST_NAME      VARCHAR2(20 BYTE),
  LAST_NAME       VARCHAR2(25 BYTE) CONSTRAINT EMP_LAST_NAME_NN NOT NULL,
  EMAIL           VARCHAR2(25 BYTE) CONSTRAINT EMP_EMAIL_NN NOT NULL,
  PHONE_NUMBER    VARCHAR2(20 BYTE),
  HIRE_DATE       DATE CONSTRAINT EMP_HIRE_DATE_NN NOT NULL,
  JOB_ID          VARCHAR2(10 BYTE) CONSTRAINT EMP_JOB_NN NOT NULL,
  SALARY          NUMBER(8,2),
  COMMISSION_PCT  NUMBER(2,2),
  MANAGER_ID      NUMBER(6),
  DEPARTMENT_ID   NUMBER(4)
);

CREATE INDEX EMP_DEPARTMENT_IX ON EMPLOYEES
(DEPARTMENT_ID);

CREATE UNIQUE INDEX EMP_EMAIL_UK ON EMPLOYEES
(EMAIL);

CREATE UNIQUE INDEX EMP_EMP_ID_PK ON EMPLOYEES
(EMPLOYEE_ID);

CREATE INDEX EMP_JOB_IX ON EMPLOYEES
(JOB_ID);

CREATE INDEX EMP_MANAGER_IX ON EMPLOYEES
(MANAGER_ID);

CREATE INDEX EMP_NAME_IX ON EMPLOYEES
(LAST_NAME, FIRST_NAME);

ALTER TABLE EMPLOYEES ADD (
  CONSTRAINT EMP_SALARY_MIN
  CHECK (salary > 0)
  ENABLE VALIDATE,
  CONSTRAINT EMP_EMP_ID_PK
  PRIMARY KEY
  (EMPLOYEE_ID)
  USING INDEX EMP_EMP_ID_PK
  ENABLE VALIDATE,
  CONSTRAINT EMP_EMAIL_UK
  UNIQUE (EMAIL)
  USING INDEX EMP_EMAIL_UK
  ENABLE VALIDATE);

DROP TABLE DEPARTMENTS CASCADE CONSTRAINTS;

CREATE TABLE DEPARTMENTS
(
  DEPARTMENT_ID    NUMBER(4),
  DEPARTMENT_NAME  VARCHAR2(30 BYTE) CONSTRAINT DEPT_NAME_NN NOT NULL,
  MANAGER_ID       NUMBER(6),
  LOCATION_ID      NUMBER(4)
);

CREATE UNIQUE INDEX DEPT_ID_PK ON DEPARTMENTS
(DEPARTMENT_ID);

ALTER TABLE DEPARTMENTS ADD (
  CONSTRAINT DEPT_ID_PK
  PRIMARY KEY
  (DEPARTMENT_ID)
  USING INDEX DEPT_ID_PK
  ENABLE VALIDATE);


ALTER TABLE JOBS
 DROP PRIMARY KEY CASCADE;

DROP TABLE JOBS CASCADE CONSTRAINTS;

CREATE TABLE JOBS
(
  JOB_ID      VARCHAR2(10 BYTE),
  JOB_TITLE   VARCHAR2(35 BYTE) CONSTRAINT JOB_TITLE_NN NOT NULL,
  MIN_SALARY  NUMBER(6),
  MAX_SALARY  NUMBER(6)
);

CREATE INDEX JOB_ID_PK ON JOBS
(JOB_ID);

ALTER TABLE JOBS ADD (
  CONSTRAINT JOB_ID_PK
  PRIMARY KEY
  (JOB_ID)
  USING INDEX JOB_ID_PK
  ENABLE VALIDATE);
  
SET DEFINE OFF;
Insert into JOBS
   (JOB_ID, JOB_TITLE, MIN_SALARY, MAX_SALARY)
 Values
   ('AD_PRES', 'President', 20000, 40000);
Insert into JOBS
   (JOB_ID, JOB_TITLE, MIN_SALARY, MAX_SALARY)
 Values
   ('FI_MGR', 'Finance Manager', 8200, 16000);
Insert into JOBS
   (JOB_ID, JOB_TITLE, MIN_SALARY, MAX_SALARY)
 Values
   ('FI_ACCOUNT', 'Accountant', 4200, 9000);
Insert into JOBS
   (JOB_ID, JOB_TITLE, MIN_SALARY, MAX_SALARY)
 Values
   ('PU_MAN', 'Purchasing Manager', 8000, 15000);
Insert into JOBS
   (JOB_ID, JOB_TITLE, MIN_SALARY, MAX_SALARY)
 Values
   ('ST_CLERK', 'Stock Clerk', 2000, 5000);
Insert into JOBS
   (JOB_ID, JOB_TITLE, MIN_SALARY, MAX_SALARY)
 Values
   ('IT_PROG', 'Programmer', 4000, 10000);
Insert into JOBS
   (JOB_ID, JOB_TITLE, MIN_SALARY, MAX_SALARY)
 Values
   ('MK_REP', 'Marketing Representative', 4000, 9000);
Insert into JOBS
   (JOB_ID, JOB_TITLE, MIN_SALARY, MAX_SALARY)
 Values
   ('PR_REP', 'Public Relations Representative', 4500, 10500);
Insert into JOBS
   (JOB_ID, JOB_TITLE, MIN_SALARY, MAX_SALARY)
 Values
    ('AD_VP','Administration Vice President',15000,30000);
Insert into JOBS
   (JOB_ID, JOB_TITLE, MIN_SALARY, MAX_SALARY)
 Values
    ('ST_MAN','Stock Manager',5500,8500);
Insert into JOBS
   (JOB_ID, JOB_TITLE, MIN_SALARY, MAX_SALARY)
 Values
    ('MK_MAN','Marketing Manager',9000,15000);
Insert into JOBS
   (JOB_ID, JOB_TITLE, MIN_SALARY, MAX_SALARY)
 Values
    ('AC_MGR','Accounting Manager',8200,16000);
Insert into JOBS
   (JOB_ID, JOB_TITLE, MIN_SALARY, MAX_SALARY)
 Values
    ('AD_ASST','Administration Assistant',3000,6000);
COMMIT;

SET DEFINE OFF;
Insert into DEPARTMENTS
   (DEPARTMENT_ID, DEPARTMENT_NAME, MANAGER_ID, LOCATION_ID)
 Values
   ('10', 'Administration', null, '1700');
Insert into DEPARTMENTS
   (DEPARTMENT_ID, DEPARTMENT_NAME, MANAGER_ID, LOCATION_ID)
 Values
   ('20', 'Marketing', null, '1800');
Insert into DEPARTMENTS
   (DEPARTMENT_ID, DEPARTMENT_NAME, MANAGER_ID, LOCATION_ID)
 Values
   ('30', 'Purchasing', null, '1700');
Insert into DEPARTMENTS
   (DEPARTMENT_ID, DEPARTMENT_NAME, MANAGER_ID, LOCATION_ID)
 Values
   ('50', 'Shipping', null, '1500');
Insert into DEPARTMENTS
   (DEPARTMENT_ID, DEPARTMENT_NAME, MANAGER_ID, LOCATION_ID)
 Values
   ('60', 'IT', null, '1400');
Insert into DEPARTMENTS
   (DEPARTMENT_ID, DEPARTMENT_NAME, MANAGER_ID, LOCATION_ID)
 Values
   ('70', 'Public Relations', null, '2700');
Insert into DEPARTMENTS
   (DEPARTMENT_ID, DEPARTMENT_NAME, MANAGER_ID, LOCATION_ID)
 Values
   ('90', 'Executive', null, '1700');
Insert into DEPARTMENTS
   (DEPARTMENT_ID, DEPARTMENT_NAME, MANAGER_ID, LOCATION_ID)
 Values
   ('100', 'Finance', null, '1700');
Insert into DEPARTMENTS
   (DEPARTMENT_ID, DEPARTMENT_NAME, MANAGER_ID, LOCATION_ID)
 Values
   ('110', 'Accounting', null, '1700');
COMMIT;


SET DEFINE OFF;
Insert into EMPLOYEES
   (EMPLOYEE_ID, FIRST_NAME, LAST_NAME, EMAIL, PHONE_NUMBER, 
    HIRE_DATE, JOB_ID, SALARY, DEPARTMENT_ID)
 Values
   (100, 'Steven', 'King', 'SKING', '515.123.4567', 
    TO_DATE('06/17/1987 00:00:00', 'MM/DD/YYYY HH24:MI:SS'), 'AD_PRES', 24000, 90);
Insert into EMPLOYEES
   (EMPLOYEE_ID, FIRST_NAME, LAST_NAME, EMAIL, PHONE_NUMBER, 
    HIRE_DATE, JOB_ID, SALARY, MANAGER_ID, DEPARTMENT_ID)
 Values
   (103, 'Alexander', 'Hunold', 'AHUNOLD', '590.423.4567', 
    TO_DATE('01/03/1990 00:00:00', 'MM/DD/YYYY HH24:MI:SS'), 'IT_PROG', 9000, null, 60);
Insert into EMPLOYEES
   (EMPLOYEE_ID, FIRST_NAME, LAST_NAME, EMAIL, PHONE_NUMBER, 
    HIRE_DATE, JOB_ID, SALARY, MANAGER_ID, DEPARTMENT_ID)
 Values
   (104, 'Bruce', 'Ernst', 'BERNST', '590.423.4568', 
    TO_DATE('05/21/1991 00:00:00', 'MM/DD/YYYY HH24:MI:SS'), 'IT_PROG', 6000, null, 60);
Insert into EMPLOYEES
   (EMPLOYEE_ID, FIRST_NAME, LAST_NAME, EMAIL, PHONE_NUMBER, 
    HIRE_DATE, JOB_ID, SALARY, MANAGER_ID, DEPARTMENT_ID)
 Values
   (105, 'David', 'Austin', 'DAUSTIN', '590.423.4569', 
    TO_DATE('06/25/1997 00:00:00', 'MM/DD/YYYY HH24:MI:SS'), 'IT_PROG', 4800, null, 60);
Insert into EMPLOYEES
   (EMPLOYEE_ID, FIRST_NAME, LAST_NAME, EMAIL, PHONE_NUMBER, 
    HIRE_DATE, JOB_ID, SALARY, MANAGER_ID, DEPARTMENT_ID)
 Values
   (106, 'Valli', 'Pataballa', 'VPATABAL', '590.423.4560', 
    TO_DATE('02/05/1998 00:00:00', 'MM/DD/YYYY HH24:MI:SS'), 'IT_PROG', 4800, null, 60);
Insert into EMPLOYEES
   (EMPLOYEE_ID, FIRST_NAME, LAST_NAME, EMAIL, PHONE_NUMBER, 
    HIRE_DATE, JOB_ID, SALARY, MANAGER_ID, DEPARTMENT_ID)
 Values
   (107, 'Diana', 'Lorentz', 'DLORENTZ', '590.423.5567', 
    TO_DATE('02/07/1999 00:00:00', 'MM/DD/YYYY HH24:MI:SS'), 'IT_PROG', 4200, null, 60);
Insert into EMPLOYEES
   (EMPLOYEE_ID, FIRST_NAME, LAST_NAME, EMAIL, PHONE_NUMBER, 
    HIRE_DATE, JOB_ID, SALARY, MANAGER_ID, DEPARTMENT_ID)
 Values
   (108, 'Nancy', 'Greenberg', 'NGREENBE', '515.124.4569', 
    TO_DATE('08/17/1994 00:00:00', 'MM/DD/YYYY HH24:MI:SS'), 'FI_MGR', 12000, null, 100);
Insert into EMPLOYEES
   (EMPLOYEE_ID, FIRST_NAME, LAST_NAME, EMAIL, PHONE_NUMBER, 
    HIRE_DATE, JOB_ID, SALARY, MANAGER_ID, DEPARTMENT_ID)
 Values
   (109, 'Daniel', 'Faviet', 'DFAVIET', '515.124.4169', 
    TO_DATE('08/16/1994 00:00:00', 'MM/DD/YYYY HH24:MI:SS'), 'FI_ACCOUNT', 9000, null, 100);
Insert into EMPLOYEES
   (EMPLOYEE_ID, FIRST_NAME, LAST_NAME, EMAIL, PHONE_NUMBER, 
    HIRE_DATE, JOB_ID, SALARY, MANAGER_ID, DEPARTMENT_ID)
 Values
   (110, 'John', 'Chen', 'JCHEN', '515.124.4269', 
    TO_DATE('09/28/1997 00:00:00', 'MM/DD/YYYY HH24:MI:SS'), 'FI_ACCOUNT', 8200, null, 100);
Insert into EMPLOYEES
   (EMPLOYEE_ID, FIRST_NAME, LAST_NAME, EMAIL, PHONE_NUMBER, 
    HIRE_DATE, JOB_ID, SALARY, MANAGER_ID, DEPARTMENT_ID)
 Values
   (111, 'Ismael', 'Sciarra', 'ISCIARRA', '515.124.4369', 
    TO_DATE('09/30/1997 00:00:00', 'MM/DD/YYYY HH24:MI:SS'), 'FI_ACCOUNT', 7700, null, 100);
Insert into EMPLOYEES
   (EMPLOYEE_ID, FIRST_NAME, LAST_NAME, EMAIL, PHONE_NUMBER, 
    HIRE_DATE, JOB_ID, SALARY, MANAGER_ID, DEPARTMENT_ID)
 Values
   (112, 'Jose Manuel', 'Urman', 'JMURMAN', '515.124.4469', 
    TO_DATE('03/07/1998 00:00:00', 'MM/DD/YYYY HH24:MI:SS'), 'FI_ACCOUNT', 7800, null, 100);
Insert into EMPLOYEES
   (EMPLOYEE_ID, FIRST_NAME, LAST_NAME, EMAIL, PHONE_NUMBER, 
    HIRE_DATE, JOB_ID, SALARY, MANAGER_ID, DEPARTMENT_ID)
 Values
   (113, 'Luis', 'Popp', 'LPOPP', '515.124.4567', 
    TO_DATE('12/07/1999 00:00:00', 'MM/DD/YYYY HH24:MI:SS'), 'FI_ACCOUNT', 6900, null, 100);
Insert into EMPLOYEES
   (EMPLOYEE_ID, FIRST_NAME, LAST_NAME, EMAIL, PHONE_NUMBER, 
    HIRE_DATE, JOB_ID, SALARY, MANAGER_ID, DEPARTMENT_ID)
 Values
   (114, 'Den', 'Raphaely', 'DRAPHEAL', '515.127.4561', 
    TO_DATE('12/07/1994 00:00:00', 'MM/DD/YYYY HH24:MI:SS'), 'PU_MAN', 11000, null, 30);
Insert into EMPLOYEES
   (EMPLOYEE_ID, FIRST_NAME, LAST_NAME, EMAIL, PHONE_NUMBER, 
    HIRE_DATE, JOB_ID, SALARY, MANAGER_ID, DEPARTMENT_ID)
 Values
   (125, 'Julia', 'Nayer', 'JNAYER', '650.124.1214', 
    TO_DATE('07/16/1997 00:00:00', 'MM/DD/YYYY HH24:MI:SS'), 'ST_CLERK', 3200, null, 50);
Insert into EMPLOYEES
   (EMPLOYEE_ID, FIRST_NAME, LAST_NAME, EMAIL, PHONE_NUMBER, 
    HIRE_DATE, JOB_ID, SALARY, MANAGER_ID, DEPARTMENT_ID)
 Values
   (126, 'Irene', 'Mikkilineni', 'IMIKKILI', '650.124.1224', 
    TO_DATE('09/28/1998 00:00:00', 'MM/DD/YYYY HH24:MI:SS'), 'ST_CLERK', 2700, null, 50);
Insert into EMPLOYEES
   (EMPLOYEE_ID, FIRST_NAME, LAST_NAME, EMAIL, PHONE_NUMBER, 
    HIRE_DATE, JOB_ID, SALARY, MANAGER_ID, DEPARTMENT_ID)
 Values
   (127, 'James', 'Landry', 'JLANDRY', '650.124.1334', 
    TO_DATE('01/14/1999 00:00:00', 'MM/DD/YYYY HH24:MI:SS'), 'ST_CLERK', 2400, null, 50);
Insert into EMPLOYEES
   (EMPLOYEE_ID, FIRST_NAME, LAST_NAME, EMAIL, PHONE_NUMBER, 
    HIRE_DATE, JOB_ID, SALARY, MANAGER_ID, DEPARTMENT_ID)
 Values
   (128, 'Steven', 'Markle', 'SMARKLE', '650.124.1434', 
    TO_DATE('03/08/2000 00:00:00', 'MM/DD/YYYY HH24:MI:SS'), 'ST_CLERK', 2200, null, 50);
Insert into EMPLOYEES
   (EMPLOYEE_ID, FIRST_NAME, LAST_NAME, EMAIL, PHONE_NUMBER, 
    HIRE_DATE, JOB_ID, SALARY, MANAGER_ID, DEPARTMENT_ID)
 Values
   (129, 'Laura', 'Bissot', 'LBISSOT', '650.124.5234', 
    TO_DATE('08/20/1997 00:00:00', 'MM/DD/YYYY HH24:MI:SS'), 'ST_CLERK', 3300, null, 50);
Insert into EMPLOYEES
   (EMPLOYEE_ID, FIRST_NAME, LAST_NAME, EMAIL, PHONE_NUMBER, 
    HIRE_DATE, JOB_ID, SALARY, MANAGER_ID, DEPARTMENT_ID)
 Values
   (130, 'Mozhe', 'Atkinson', 'MATKINSO', '650.124.6234', 
    TO_DATE('10/30/1997 00:00:00', 'MM/DD/YYYY HH24:MI:SS'), 'ST_CLERK', 2800, null, 50);
Insert into EMPLOYEES
   (EMPLOYEE_ID, FIRST_NAME, LAST_NAME, EMAIL, PHONE_NUMBER, 
    HIRE_DATE, JOB_ID, SALARY, MANAGER_ID, DEPARTMENT_ID)
 Values
   (131, 'James', 'Marlow', 'JAMRLOW', '650.124.7234', 
    TO_DATE('02/16/1997 00:00:00', 'MM/DD/YYYY HH24:MI:SS'), 'ST_CLERK', 2500, null, 50);
Insert into EMPLOYEES
   (EMPLOYEE_ID, FIRST_NAME, LAST_NAME, EMAIL, PHONE_NUMBER, 
    HIRE_DATE, JOB_ID, SALARY, MANAGER_ID, DEPARTMENT_ID)
 Values
   (132, 'TJ', 'Olson', 'TJOLSON', '650.124.8234', 
    TO_DATE('04/10/1999 00:00:00', 'MM/DD/YYYY HH24:MI:SS'), 'ST_CLERK', 2100, null, 50);
Insert into EMPLOYEES
   (EMPLOYEE_ID, FIRST_NAME, LAST_NAME, EMAIL, PHONE_NUMBER, 
    HIRE_DATE, JOB_ID, SALARY, MANAGER_ID, DEPARTMENT_ID)
 Values
   (133, 'Jason', 'Mallin', 'JMALLIN', '650.127.1934', 
    TO_DATE('06/14/1996 00:00:00', 'MM/DD/YYYY HH24:MI:SS'), 'ST_CLERK', 3300, null, 50);
Insert into EMPLOYEES
   (EMPLOYEE_ID, FIRST_NAME, LAST_NAME, EMAIL, PHONE_NUMBER, 
    HIRE_DATE, JOB_ID, SALARY, MANAGER_ID, DEPARTMENT_ID)
 Values
   (134, 'Michael', 'Rogers', 'MROGERS', '650.127.1834', 
    TO_DATE('08/26/1998 00:00:00', 'MM/DD/YYYY HH24:MI:SS'), 'ST_CLERK', 2900, null, 50);
Insert into EMPLOYEES
   (EMPLOYEE_ID, FIRST_NAME, LAST_NAME, EMAIL, PHONE_NUMBER, 
    HIRE_DATE, JOB_ID, SALARY, MANAGER_ID, DEPARTMENT_ID)
 Values
   (135, 'Ki', 'Gee', 'KGEE', '650.127.1734', 
    TO_DATE('12/12/1999 00:00:00', 'MM/DD/YYYY HH24:MI:SS'), 'ST_CLERK', 2400, null, 50);
Insert into EMPLOYEES
   (EMPLOYEE_ID, FIRST_NAME, LAST_NAME, EMAIL, PHONE_NUMBER, 
    HIRE_DATE, JOB_ID, SALARY, MANAGER_ID, DEPARTMENT_ID)
 Values
   (136, 'Hazel', 'Philtanker', 'HPHILTAN', '650.127.1634', 
    TO_DATE('02/06/2000 00:00:00', 'MM/DD/YYYY HH24:MI:SS'), 'ST_CLERK', 2200, null, 50);
Insert into EMPLOYEES
   (EMPLOYEE_ID, FIRST_NAME, LAST_NAME, EMAIL, PHONE_NUMBER, 
    HIRE_DATE, JOB_ID, SALARY, MANAGER_ID, DEPARTMENT_ID)
 Values
   (137, 'Renske', 'Ladwig', 'RLADWIG', '650.121.1234', 
    TO_DATE('07/14/1995 00:00:00', 'MM/DD/YYYY HH24:MI:SS'), 'ST_CLERK', 3600, null, 50);
Insert into EMPLOYEES
   (EMPLOYEE_ID, FIRST_NAME, LAST_NAME, EMAIL, PHONE_NUMBER, 
    HIRE_DATE, JOB_ID, SALARY, MANAGER_ID, DEPARTMENT_ID)
 Values
   (138, 'Stephen', 'Stiles', 'SSTILES', '650.121.2034', 
    TO_DATE('10/26/1997 00:00:00', 'MM/DD/YYYY HH24:MI:SS'), 'ST_CLERK', 3200, null, 50);
Insert into EMPLOYEES
   (EMPLOYEE_ID, FIRST_NAME, LAST_NAME, EMAIL, PHONE_NUMBER, 
    HIRE_DATE, JOB_ID, SALARY, MANAGER_ID, DEPARTMENT_ID)
 Values
   (139, 'John', 'Seo', 'JSEO', '650.121.2019', 
    TO_DATE('02/12/1998 00:00:00', 'MM/DD/YYYY HH24:MI:SS'), 'ST_CLERK', 2700, null, 50);
Insert into EMPLOYEES
   (EMPLOYEE_ID, FIRST_NAME, LAST_NAME, EMAIL, PHONE_NUMBER, 
    HIRE_DATE, JOB_ID, SALARY, MANAGER_ID, DEPARTMENT_ID)
 Values
   (140, 'Joshua', 'Patel', 'JPATEL', '650.121.1834', 
    TO_DATE('04/06/1998 00:00:00', 'MM/DD/YYYY HH24:MI:SS'), 'ST_CLERK', 2500, null, 50);
Insert into EMPLOYEES
   (EMPLOYEE_ID, FIRST_NAME, LAST_NAME, EMAIL, PHONE_NUMBER, 
    HIRE_DATE, JOB_ID, SALARY, MANAGER_ID, DEPARTMENT_ID)
 Values
   (141, 'Trenna', 'Rajs', 'TRAJS', '650.121.8009', 
    TO_DATE('10/17/1995 00:00:00', 'MM/DD/YYYY HH24:MI:SS'), 'ST_CLERK', 3500, null, 50);
Insert into EMPLOYEES
   (EMPLOYEE_ID, FIRST_NAME, LAST_NAME, EMAIL, PHONE_NUMBER, 
    HIRE_DATE, JOB_ID, SALARY, MANAGER_ID, DEPARTMENT_ID)
 Values
   (142, 'Curtis', 'Davies', 'CDAVIES', '650.121.2994', 
    TO_DATE('01/29/1997 00:00:00', 'MM/DD/YYYY HH24:MI:SS'), 'ST_CLERK', 3100, null, 50);
Insert into EMPLOYEES
   (EMPLOYEE_ID, FIRST_NAME, LAST_NAME, EMAIL, PHONE_NUMBER, 
    HIRE_DATE, JOB_ID, SALARY, MANAGER_ID, DEPARTMENT_ID)
 Values
   (143, 'Randall', 'Matos', 'RMATOS', '650.121.2874', 
    TO_DATE('03/15/1998 00:00:00', 'MM/DD/YYYY HH24:MI:SS'), 'ST_CLERK', 2600, null, 50);
Insert into EMPLOYEES
   (EMPLOYEE_ID, FIRST_NAME, LAST_NAME, EMAIL, PHONE_NUMBER, 
    HIRE_DATE, JOB_ID, SALARY, MANAGER_ID, DEPARTMENT_ID)
 Values
   (144, 'Peter', 'Vargas', 'PVARGAS', '650.121.2004', 
    TO_DATE('07/09/1998 00:00:00', 'MM/DD/YYYY HH24:MI:SS'), 'ST_CLERK', 2500, null, 50);
Insert into EMPLOYEES
   (EMPLOYEE_ID, FIRST_NAME, LAST_NAME, EMAIL, PHONE_NUMBER, 
    HIRE_DATE, JOB_ID, SALARY, MANAGER_ID, DEPARTMENT_ID)
 Values
   (202, 'Pat', 'Fay', 'PFAY', '603.123.6666', 
    TO_DATE('08/17/1997 00:00:00', 'MM/DD/YYYY HH24:MI:SS'), 'MK_REP', 6000, null, 20);
Insert into EMPLOYEES
   (EMPLOYEE_ID, FIRST_NAME, LAST_NAME, EMAIL, PHONE_NUMBER, 
    HIRE_DATE, JOB_ID, SALARY, MANAGER_ID, DEPARTMENT_ID)
 Values
   (204, 'Hermann', 'Baer', 'HBAER', '515.123.8888', 
    TO_DATE('06/07/1994 00:00:00', 'MM/DD/YYYY HH24:MI:SS'), 'PR_REP', 10000, null, 70);
Insert into EMPLOYEES
   (EMPLOYEE_ID, FIRST_NAME, LAST_NAME, EMAIL, PHONE_NUMBER, 
    HIRE_DATE, JOB_ID, SALARY, MANAGER_ID, DEPARTMENT_ID)
 Values
   (101, 'Neena', 'Kochhar', 'NKOCHHAR', '515.123.4568', 
    TO_DATE('09/21/1989 00:00:00', 'MM/DD/YYYY HH24:MI:SS'), 'AD_VP', 17000, null, 90);
Insert into EMPLOYEES
   (EMPLOYEE_ID, FIRST_NAME, LAST_NAME, EMAIL, PHONE_NUMBER, 
    HIRE_DATE, JOB_ID, SALARY, MANAGER_ID, DEPARTMENT_ID)
 Values
   (102, 'Lex', 'De Haan', 'LDEHAAN', '515.123.4569', 
    TO_DATE('01/13/1993 00:00:00', 'MM/DD/YYYY HH24:MI:SS'), 'AD_VP', 17000, null, 90);
Insert into EMPLOYEES
   (EMPLOYEE_ID, FIRST_NAME, LAST_NAME, EMAIL, PHONE_NUMBER, 
    HIRE_DATE, JOB_ID, SALARY, MANAGER_ID, DEPARTMENT_ID)
 Values
   (120, 'Matthew', 'Weiss', 'MWEISS', '650.123.1234', 
    TO_DATE('07/18/1996 00:00:00', 'MM/DD/YYYY HH24:MI:SS'), 'ST_MAN', 8000, null, 50);
Insert into EMPLOYEES
   (EMPLOYEE_ID, FIRST_NAME, LAST_NAME, EMAIL, PHONE_NUMBER, 
    HIRE_DATE, JOB_ID, SALARY, MANAGER_ID, DEPARTMENT_ID)
 Values
   (121, 'Adam', 'Fripp', 'AFRIPP', '650.123.2234', 
    TO_DATE('04/10/1997 00:00:00', 'MM/DD/YYYY HH24:MI:SS'), 'ST_MAN', 8200, null, 50);
Insert into EMPLOYEES
   (EMPLOYEE_ID, FIRST_NAME, LAST_NAME, EMAIL, PHONE_NUMBER, 
    HIRE_DATE, JOB_ID, SALARY, MANAGER_ID, DEPARTMENT_ID)
 Values
   (122, 'Payam', 'Kaufling', 'PKAUFLIN', '650.123.3234', 
    TO_DATE('05/01/1995 00:00:00', 'MM/DD/YYYY HH24:MI:SS'), 'ST_MAN', 7900, null, 50);
Insert into EMPLOYEES
   (EMPLOYEE_ID, FIRST_NAME, LAST_NAME, EMAIL, PHONE_NUMBER, 
    HIRE_DATE, JOB_ID, SALARY, MANAGER_ID, DEPARTMENT_ID)
 Values
   (123, 'Shanta', 'Vollman', 'SVOLLMAN', '650.123.4234', 
    TO_DATE('10/10/1997 00:00:00', 'MM/DD/YYYY HH24:MI:SS'), 'ST_MAN', 6500, null, 50);
Insert into EMPLOYEES
   (EMPLOYEE_ID, FIRST_NAME, LAST_NAME, EMAIL, PHONE_NUMBER, 
    HIRE_DATE, JOB_ID, SALARY, MANAGER_ID, DEPARTMENT_ID)
 Values
   (124, 'Kevin', 'Mourgos', 'KMOURGOS', '650.123.5234', 
    TO_DATE('11/16/1999 00:00:00', 'MM/DD/YYYY HH24:MI:SS'), 'ST_MAN', 5800, null, 50);
Insert into EMPLOYEES
   (EMPLOYEE_ID, FIRST_NAME, LAST_NAME, EMAIL, PHONE_NUMBER, 
    HIRE_DATE, JOB_ID, SALARY, MANAGER_ID, DEPARTMENT_ID)
 Values
   (201, 'Michael', 'Hartstein', 'MHARTSTE', '515.123.5555', 
    TO_DATE('02/17/1996 00:00:00', 'MM/DD/YYYY HH24:MI:SS'), 'MK_MAN', 13000, null, 20);
Insert into EMPLOYEES
   (EMPLOYEE_ID, FIRST_NAME, LAST_NAME, EMAIL, PHONE_NUMBER, 
    HIRE_DATE, JOB_ID, SALARY, MANAGER_ID, DEPARTMENT_ID)
 Values
   (205, 'Shelley', 'Higgins', 'SHIGGINS', '515.123.8080', 
    TO_DATE('06/07/1994 00:00:00', 'MM/DD/YYYY HH24:MI:SS'), 'AC_MGR', 12000, null, 110);
Insert into EMPLOYEES
   (EMPLOYEE_ID, FIRST_NAME, LAST_NAME, EMAIL, PHONE_NUMBER, 
    HIRE_DATE, JOB_ID, SALARY, MANAGER_ID, DEPARTMENT_ID)
 Values
   (200, 'Jennifer', 'Whalen', 'JWHALEN', '515.123.4444', 
    TO_DATE('09/17/1987 00:00:00', 'MM/DD/YYYY HH24:MI:SS'), 'AD_ASST', 4400, null, 10);
COMMIT;



SET DEFINE OFF;
Insert into JOB_HISTORY
   (EMPLOYEE_ID, START_DATE, END_DATE, JOB_ID, DEPARTMENT_ID)
 Values
   (100, TO_DATE('06/17/1987 00:00:00', 'MM/DD/YYYY HH24:MI:SS'), TO_DATE('07/24/1998 00:00:00', 'MM/DD/YYYY HH24:MI:SS'), 'IT_PROG', 90);
   
COMMIT;

SELECT * FROM user_constraints WHERE TABLE_NAME='EMPLOYEES';

SELECT EMPLOYESS FROM INFORMATION_SCHEMA.TABLE;

SELECT *FROM EMPLOYEES;

SHOW TABLES; 

SELECT *FROM ABC;
DESCRIBE EMPLOYEES;

DESCRIBE JOB_HISTORY;

CREATE TABLE ABC(ID INTEGER PRIMARY KEY,NAME VARCHAR2(20));

SELECT * FROM user_constraints WHERE TABLE_NAME='ABC';

SELECT *FROM AUD_HEADERS;